product_id,brand,product_name,bpom_id,marketplace,listing_url,listing_title,seller_name,review_url,review_rating,review_text,review_date,review_access,evidence_keyword,evidence_level,evidence_score,linked_image_url
COSRX_AHA_BHA_CLARIFYING_TREATMENT_TONER_NA26221200804,COSRX,AHA/BHA Clarifying treatment toner,NA26221200804,,,,,,,Cosrx Toner Real Vs Fake Perbedaan COSRX Asli dan Palsu: Tips Membedakan. Pelajari cara membedakan toner COSRX asli dan palsu dengan tips praktis dan ciri khas wangi.,,indexed_public_evidence,palsu; fake,MODERATE_EVIDENCE,3,
SUNGBOON_EDITOR_SUNGBOON_EDITOR_GREEN_TOMATO_PORE_LIFTING_AMPOULE_TONER_NA26251200757,Sungboon Editor,Sungboon Editor Green Tomato Pore Lifting Ampoule Toner,NA26251200757,,,,,,,Green Tomato Pore Lifting Ampoule Fake Vs Real Discover the truth behind Green Tomato Pore Lifting Ampoule. Learn how it minimizes pores and enhances skin texture for a radiant glow.,,indexed_public_evidence,fake,MODERATE_EVIDENCE,3,
DEAR_KLAIRS_FRESHLY_JUICED_VITAMIN_ESSENCE_TONER_NA26251200677,Dear Klairs,Freshly Juiced Vitamin Essence Toner,NA26251200677,,,,,,,"it is still an original Klairs product 🙂 Also, previously the ... You can be assured, it is NOT FAKE. We work directly with the brand and only provide 100% authentic pieces. 's out of stock.",,indexed_public_evidence,fake,MODERATE_EVIDENCE,3,
ANUA_NIACINAMIDE_5_TXA_BRIGHTENING_PAD_NA26251900083,Anua,Niacinamide 5 TXA Brightening Pad,NA26251900083,,,,,,,Anua Niacinamide TXA Serum: Authenticity Check Discover how to spot real vs fake Anua Niacinamide. Niacinamide 10% and TXA 4% should be present and match the known formula. suggest the ...,,indexed_public_evidence,fake,MODERATE_EVIDENCE,3,
I_M_FROM_RICE_TONER_PAD_NA26251200291,I'm From,Rice Toner Pad,NA26251200291,,,,,,,"Real Vs Fake Rice Toner Honest comparison of a real vs fake I'm From Rice Toner purchased on Amazon: how to spot differences, results, and buying tips. 1148 Likes, 16 ...",,indexed_public_evidence,fake,MODERATE_EVIDENCE,3,
ANUA_PDRN_100_HYALURONIC_ACID_GLOW_PAD_NA26250100362,Anua,PDRN 100 Hyaluronic Acid Glow Pad,NA26250100362,,,,,,,Discover. Review. Shop. Anua PDRN is everywhere right now ... Anua PDRN + HYALURON PDRN 100 HYALURONIC ACID GLOW PAD PDRN 100 ... Anua Officially available at Dose of Beauty HATI-HATI PRODUK PALSU!,,indexed_public_evidence,produk palsu; palsu,MODERATE_EVIDENCE,3,
I_M_FROM_RICE_TONER_NA26251200644,I'm From,Rice Toner,NA26251200644,,,,,,,I'm From Rice Toner: Real vs Fake Comparison This is the fake I am from Rice toner and this is the real one from K beauty. sale the boxes look similar except the slight difference.,,indexed_public_evidence,fake,MODERATE_EVIDENCE,3,
SKINTIFIC_AHA_BHA_PHA_EXFOLIATING_PADS_NA11251201488,Skintific,AHA BHA PHA Exfoliating Pads,NA11251201488,,,,,,,"Skintific Peeling Solution Palsu Jamuran?! ⚠️⚠️ Ini tipe ... ⚠️⚠️ Ini tipe pemalsu yang tidak ada malu-malunya , palsunya terlalu ketara dan ugal-ugalan. Tinggi kotak beda, warna Kotak beda, bagian ...",,indexed_public_evidence,palsu,MODERATE_EVIDENCE,3,https://p16-common-sign.tiktokcdn-us.com/tos-alisg-p-0037/ocdR5DqB1AC7MdXiilVQTAI7CACifMbwuIITVq~tplv-tiktokx-dmt-logom:tos-alisg-i-0068/oEygTrgEuEAJiARqAGA9ICEifkEBoCBUMDfRYF.image?dr=9634&x-expires=1786831200&x-signature=q2gAxayfSCfYbfHPeUGxi%2BakyD8%3D&t=4d5b0474&ps=13740610&shp=81f88b70&shcp=55bbe6a9&idc=useast5
SULWHASOO_CONCENTRATED_GINSENG_REJUVENATING_WATER_NA26242000058,Sulwhasoo,Concentrated Ginseng Rejuvenating Water,NA26242000058,,,,,,,"on Instagram: ""AD #Sulwhasoo_Partner / One of the products I ... Concentrated Ginseng Rejuvenating Water 💧 A refreshing boost of hydration. Locks in moisture for soft, nourished skin. OCR how to fake sleep :)",,indexed_public_evidence,fake,MODERATE_EVIDENCE,3,
COSRX_CENTELLA_WATER_ALCOHOL_FREE_TONER_NA26221200805,COSRX,Centella Water Alcohol Free Toner,NA26221200805,,,,,,,Toner Cosrx Palsu Perbedaan COSRX Asli dan Palsu: Tips Membedakan. Pelajari cara membedakan toner COSRX asli dan palsu dengan tips praktis dan ciri khas wangi.,,indexed_public_evidence,palsu,MODERATE_EVIDENCE,3,
GLAD2GLOW_PERFECT_VITA_C_BRIGHT_GLOW_TONER_NA11251200672,Glad2Glow,Perfect Vita C Bright Glow Toner,NA11251200672,,,,,,,"Glad2Glow Serum Palsu wangi Obat Cina?! Ini yang sangat ... Glad2Glow Serum Palsu wangi Obat Cina?! Ini yang sangat aneh, produk palsu dengan active ingridients yang luar biasa tapi yang palsu bau ...",,indexed_public_evidence,produk palsu; palsu,MODERATE_EVIDENCE,3,
SKINTIFIC_377_DARK_SPOT_ESSENCE_TONER_NA11251200643,Skintific,377 Dark Spot Essence Toner,NA11251200643,,,,,,,Perbedaan Skintific Dark Spot Serum 377 Asli Vs Palsu Temukan cara membedakan Skintific Dark Spot Serum 377 asli dan palsu agar tidak tertipu. Cek informasi lengkapnya! #aslivspalsu #skintific. This ...,,indexed_public_evidence,palsu,MODERATE_EVIDENCE,3,
BIODANCE_CERA_NOL_GEL_TONER_PADS_NA262412000784,Biodance,CERA-NOL GEL TONER PADS,NA262412000784,,,,,,,Biodance Toner Pad Real Vs Fake Learn how to identify real Biodance toner pads and avoid fakes. Discover tips for authentic K-beauty products!See. CERA-NOL GEL TONER PADS.,,indexed_public_evidence,fake,MODERATE_EVIDENCE,3,
BIODANCE_COLLAGEN_GEL_TONER_PADS_NA26251200029,Biodance,COLLAGEN GEL TONER PADS,NA26251200029,,,,,,,Real Vs Fake Biodance Gel Toner Pad Discover the differences between real and fake Biodance products. Learn how to identify authentic Biodance toner pads for your skincare routine.,,indexed_public_evidence,fake,MODERATE_EVIDENCE,3,
FACERINNA_SALICYLIC_ACID_ACNE_TONER_NA18250107096,FACERINNA,Salicylic Acid Acne Toner,NA18250107096,,,,,,,"I've seen fake versions of this product going around... Just a quick PSA: I've seen fake versions of this product going around, so always make sure you're getting it from the official store ...",,indexed_public_evidence,fake,MODERATE_EVIDENCE,3,
FACERINNA_CERAMIDE_B5_BALANCING_TONER_NA18250107683,FACERINNA,Ceramide B5 Balancing Toner,NA18250107683,,,,,,,"Just a quick PSA: I've seen fake versions of this product going ... Just a quick PSA: I've seen fake versions of this product going around, so always make sure you're getting it from the official store ...",,indexed_public_evidence,fake,MODERATE_EVIDENCE,3,
ROUND_LAB_PINE_CALMING_CICA_TONER_NA26231200708,Round Lab,Pine Calming Cica Toner,NA26231200708,,,,,,,Round Lab Pine Calming Cica Toner Vs Round Lab Dokdo ... designed for irritated and acne-prone skin. Round Lab Pine Cica Calming Toner for sensitive and acne-prone skin. Fake Round Lab Toner,,indexed_public_evidence,fake,MODERATE_EVIDENCE,3,
LANBENA_BOOST_RADIANCE_HYDRATING_FACIAL_TONER_NA11231201159,LANBENA,Boost Radiance & Hydrating Facial Toner,NA11231201159,,,,,,,"Finally Found You Toner Palsu kok Begini?! @finallyfoundyou. ... This essence booster helps provide deep hydration, keeps the skin calm, while also preparing the skin so the next skincare steps work more ...",,indexed_public_evidence,palsu,MODERATE_EVIDENCE,3,
MEDIHEAL_WATERMIDE_MOISTURE_PAD_NA26240100017,Mediheal,Watermide Moisture Pad,NA26240100017,,,,,,,ALERT ON FAKE MEDIHEAL TONER PADS! Discover the difference between fake and real Mediheal Toner Pads and protect your skin from potential harm. Find out more! #fakevsreal # ...,,indexed_public_evidence,fake,MODERATE_EVIDENCE,3,https://p19-common-sign.tiktokcdn-us.com/tos-no1a-p-0037-no/oUAZAfIPDFCpFA1ELdEubnEInCkII9zgfsR7iA~tplv-tiktokx-origin.image?dr=9636&x-expires=1786928400&x-signature=UwLaDPXc1TBQq0bRZa6VYyWSBIE%3D&t=4d5b0474&ps=13740610&shp=81f88b70&shcp=55bbe6a9&idc=useast5
MEDIHEAL_COLLAGEN_AMPOULE_PAD_NA26242000002,Mediheal,Collagen Ampoule Pad,NA26242000002,,,,,,,ALERT ON FAKE MEDIHEAL TONER PADS! ALERT ON FAKE MEDIHEAL TONER PADS! Discover the difference between fake and real Mediheal Toner Pads and protect your skin from potential harm.,,indexed_public_evidence,fake,MODERATE_EVIDENCE,3,https://p19-common-sign.tiktokcdn-us.com/tos-no1a-p-0037-no/oUAZAfIPDFCpFA1ELdEubnEInCkII9zgfsR7iA~tplv-tiktokx-origin.image?dr=9636&x-expires=1786928400&x-signature=UwLaDPXc1TBQq0bRZa6VYyWSBIE%3D&t=4d5b0474&ps=13740610&shp=81f88b70&shcp=55bbe6a9&idc=useast5
ALL_NATURAL_HOUTTUYNIA_CORDATA_COTTON_TONER_PAD_NA26221200918,All Natural,Houttuynia Cordata Cotton Toner Pad,NA26221200918,,,,,,,"NATURAL] Houttuynia Cordata Cotton Toner Pad 60sheets I was very skeptical and almost convinced its a fake one. I was pleasantly surprised how fast it arrived,",,indexed_public_evidence,fake,MODERATE_EVIDENCE,3,https://i.ebayimg.com/images/g/CQkAAOSwnF1fv7D9/s-l400.jpg
HALE_OVERNIGHT_GLOW_EXFOLIATING_MOUSSE_SOLUTION_NA18240113812,Hale,Overnight Glow Exfoliating Mousse Solution,NA18240113812,,,,,,,Hale Skincare Review night Glow Exfoliating Mousse Solution. Discover the differences between real and fake Nila powder. Learn how to protect your skin and choose ...,,indexed_public_evidence,fake,MODERATE_EVIDENCE,3,
ANUA_PEACH_77_NIACIN_ESSENCE_TONER_NA26241200669,Anua,Peach 77% Niacin Essence Toner,NA26241200669,,,,,,,"Anua Peach Toner Ori Vs Fake Fake products can cause irritation, redness, or even long-term skin damage due to harmful or unregulated ingredients. The authentic Anua ...",,indexed_public_evidence,fake product; fake,MODERATE_EVIDENCE,3,
PYUNKANG_YUL_ESSENCE_TONER_PAD_NA26241200166,Pyunkang Yul,Essence Toner Pad,NA26241200166,,,,,,,"Kesimpulan Produk Palsu PyunkangYul yang Perlu Diketahui Kesimpulan PunkangYul Palsu Ini perbedaan kesimpulan PyunkangYul palsu, perbedaanya sangat banyak sticker sampai isian semua berbeda.",,indexed_public_evidence,produk palsu; palsu,MODERATE_EVIDENCE,3,https://p16-common-sign.tiktokcdn-us.com/tos-alisg-p-0037/o8DLEXFvAqc7jIqvBADAIwb8RkpgXCBEA1EffM~tplv-photomode-video-share-card:630:630:20.jpeg?dr=9616&refresh_token=6c644ed9&x-expires=1818165600&x-signature=3mpCO%2BO%2FBfVZ%2BUQPc4ubN0ap5GI%3D&t=4d5b0474&ps=13740610&shp=55bbe6a9&shcp=f07906a3&idc=useast8&ftpl=1
MEDIHEAL_RETINOL_COLLAGEN_LIFTING_PAD_NA26242000012,Mediheal,Retinol Collagen Lifting Pad,NA26242000012,,,,,,,ALERT ON FAKE MEDIHEAL TONER PADS! ALERT ON FAKE MEDIHEAL TONER PADS! Discover the difference between fake and real Mediheal Toner Pads and protect your skin from potential harm.,,indexed_public_evidence,fake,MODERATE_EVIDENCE,3,https://p19-common-sign.tiktokcdn-us.com/tos-no1a-p-0037-no/oUAZAfIPDFCpFA1ELdEubnEInCkII9zgfsR7iA~tplv-tiktokx-origin.image?dr=9636&x-expires=1786928400&x-signature=UwLaDPXc1TBQq0bRZa6VYyWSBIE%3D&t=4d5b0474&ps=13740610&shp=81f88b70&shcp=55bbe6a9&idc=useast5
BEAUTY_OF_JOSEON_GLOW_REPLENISHING_RICE_MILK_NA26241200554,Beauty of Joseon,Glow Replenishing Rice Milk,NA26241200554,,,,,,,"Real Vs Fake Beauty of Joseon Glow Rice Milk Discover the Beauty of Joseon Rice Milk Toner, its benefits, and how to avoid counterfeit products for a flawless skincare routine!",,indexed_public_evidence,counterfeit; counterfeit product; fake,MODERATE_EVIDENCE,3,
ANUA_RICE_70_GLOW_MILKY_TONER_NA26241200628,Anua,Rice 70 Glow Milky Toner,NA26241200628,,,,,,,"Anua Milky Glow Toner: Real or Fake Evaluation This Anua Rice Glow Milky Toner is perfect for giving that soft, hydrated, glowing skin look without heavy feeling. Price: Rs 1900 DM",,indexed_public_evidence,fake,MODERATE_EVIDENCE,3,
BIYU_OIL_CONTROL_CLEANSER_PH_BALANCED_NA18211202530,Biyu,Oil Control Cleanser pH Balanced,NA18211202530,,,,,,,Face Wash El Formula Palsu! Lihat dan jangan terkecoh ... tepatnya ini adalah formulasi lama yang palsu buat kamu yang cari face wash El Formula loh pH hati-hati yang palsu sekarang Koko beli ...,,indexed_public_evidence,palsu,MODERATE_EVIDENCE,3,
BEAUTY_OF_JOSEON_GREEN_PLUM_REFRESHING_TONER_AHA_BHA_NA26241200303,Beauty of Joseon,Green Plum Refreshing Toner: AHA + BHA,NA26241200303,,,,,,,"Real Vs Fake Beauty of Joseon Green Plum Toner The fake product is a little shorter. and has a small diameter compared to the real one. very smooth and glossy, is a bit grippy and harder to spread well.",,indexed_public_evidence,fake product; fake,MODERATE_EVIDENCE,3,
BIYU_PURE_GENTLE_CLEANSER_PH_BALANCED_NA18211202524,Biyu,Pure Gentle Cleanser pH Balanced,NA18211202524,,,,,,,"NPURE FACE WASH BUMIL BUSUI PALSU?! @npureofficial ... Formulanya udah pakai microbiome technology buat bantu menjaga skin barrier. Non-SLS, tanpa alkohol, tanpa silikon, dan pH-nya juga balance buat ...",,indexed_public_evidence,palsu,MODERATE_EVIDENCE,3,
DEAR_KLAIRS_FRESHLY_JUICED_VITAMIN_MASK_CLEANSER_NA26251200595,Dear Klairs,Freshly Juiced Vitamin Mask Cleanser,NA26251200595,,,,,,,"it is still an original Klairs product 🙂 Also, previously the ... is still an original Klairs product. You can be assured, it is NOT FAKE. We work directly with the brand and only provide 100% authentic pieces.",,indexed_public_evidence,fake,MODERATE_EVIDENCE,3,
KLAVUU_KLAVUU_PHYTONCIDE_MILD_CLEANSING_FOAM_NA26251200384,Klavuu,Klavuu Phytoncide Mild Cleansing Foam,NA26251200384,,,,,,,"Anua Cleanser: Real or Fake Insight You can tell the difference between the real versus fake Anua foam cleanser by looking at the bottle, label, and box too like the oil cleanser.",,indexed_public_evidence,fake,MODERATE_EVIDENCE,3,
SUNGBOON_EDITOR_SUNGBOON_EDITOR_GREEN_TOMATO_PORE_LIFTING_AMPOULE_MASK_NA26250200355,Sungboon Editor,Sungboon Editor Green Tomato Pore Lifting Ampoule Mask,NA26250200355,,,,,,,Green Tomato Pore Lifting Ampoule Fake Vs Real We're putting these two green tomato clay masks to the test! Can you spot the authentic one? Drop your guess below! Fake one? Steer clear and ...,,indexed_public_evidence,fake,MODERATE_EVIDENCE,3,
BIO_BEAUTY_LAB_CAPSIBRIGHT_ELIXIR_BUBBLING_MASK_CLEANSER_NA18241210658,Bio Beauty Lab,Capsibright Elixir Bubbling Mask Cleanser,NA18241210658,,,,,,,Bio Beauty Lab Capsibright Elixir Bubbling Mask Cleanser Capsibright Elixir Bubbling Mask Cleanser · Description · MEMBER'S REVIEW#FakeFree and Authentic. Fake or paid reviews and violating accounts can be deleted / ...,,indexed_public_evidence,fake,MODERATE_EVIDENCE,3,https://s3.ap-southeast-1.amazonaws.com/assets.femaledaily.com/remastering-data/production/product/product-1766043916382-49f1b480-b524-4dd6-83cc-30c9cd341fdd.png
KAHF_BRIGHT_REVITALIZING_AMINO_GEL_FACE_WASH_NA18251202219,Kahf,Bright Revitalizing Amino Gel Face Wash,NA18251202219,,,,,,,Kesimpulan Kahf Biru Palsu!  Kalian sudah melihat dengan ... Hasil dari isinya setelah kita tekan itu keluarnya hanya gel air. Sementara yang aslinya teksturnya memang tekstur seharusnya untuk face wash.,,indexed_public_evidence,palsu,MODERATE_EVIDENCE,3,
LANBENA_RETINOL_REJUVENATING_CLEANSER_NA11251201509,LANBENA,Retinol Rejuvenating Cleanser,NA11251201509,,,,,,,Waspada Produk Lanbena Palsu Untuk Skincare Waspada! Banyak produk Lanbena palsu beredar Jangan sampai kulit jadi korban cuma karena pengen murah! #retinol #retinolskincare #eyepatch ...,,indexed_public_evidence,palsu,MODERATE_EVIDENCE,3,https://p19-common-sign.tiktokcdn-us.com/tos-alisg-p-0037/oABzEMivAWKNZGo9AABAII30I6zwZBCCAriCf2~tplv-tiktokx-origin.image?dr=9636&x-expires=1786860000&x-signature=MOXMBqqhuBmx75cyKRUZJe1EWo4%3D&t=4d5b0474&ps=13740610&shp=81f88b70&shcp=55bbe6a9&idc=useast8
KAHF_ACNE_RELIEF_AMINO_GEL_FACE_WASH_NA18251202492,Kahf,Acne Relief Amino Gel Face Wash,NA18251202492,,,,,,,Kahf Jelly Kahf Face Wash Biru Palsu kok Gini?! Kok bisa ada pemalsu · siapa disini penasaran kenapa DeanKT wajahnya selalu kinclong. ini karena Dean ajin merawat ...,,indexed_public_evidence,palsu,MODERATE_EVIDENCE,3,
ROUND_LAB_1025_DOKDO_CLEANSER_NA26231200764,Round Lab,1025 Dokdo Cleanser,NA26231200764,,,,,,,Fake Vs Original Round Lab Cleanser ROUND LAB 1025 Dokdo Cleanser @ROUND LAB A Tier Balanced and gentle enough for daily dry-skin cleansing … mixed cleansing system with good,,indexed_public_evidence,fake,MODERATE_EVIDENCE,3,
SENKA_PERFECT_WHIP_FRESH_NA54231200020,Senka,Perfect Whip Fresh,NA54231200020,,,,,,,"[Vlog] ""Senka Perfect Whip"" Asli atau Palsu? Fake ""Senka"" cleanser (bought from Shopee Seller) VS original Senka Perfect Whip from Aeon",,indexed_public_evidence,palsu; fake,MODERATE_EVIDENCE,3,https://i.ytimg.com/vi/_iY7LElG3p4/maxresdefault.jpg
SENKA_PERFECT_WHIP_LOW_PH_CALMING_CICA_TWINPACK_NA54241200014,Senka,Perfect Whip Low pH Calming Cica Twinpack,NA54241200014,,,,,,,Senka Perfect Wipe Medicated Ori Vs Fake Senka Perfect Whip: Real Suppin Skin tanpa Fake. Temukan Senka Perfect Whip untuk kulit nyata tanpa palsu! Dapatkan hasil terbaik untuk ...,,indexed_public_evidence,palsu; fake,MODERATE_EVIDENCE,3,
COSRX_SALICYLIC_ACID_DAILY_GENTLE_CLEANSER_NA26181202688,COSRX,Salicylic Acid Daily Gentle Cleanser,NA26181202688,,,,,,,Understanding Cosrx Salicylic Acid Cleanser: Real vs Fake Discover how to identify the real Cosrx Salicylic Acid Cleanser with our guide comparing authentic vs fake products. #cosrxfakevsreal # ...,,indexed_public_evidence,fake product; fake,MODERATE_EVIDENCE,3,
ANUA_HYALURONIC_ACID_GENTLE_FOAMING_CLEANSER_NA26241200857,Anua,Hyaluronic Acid Gentle Foaming Cleanser,NA26241200857,,,,,,,HATI HATI BARANG PALSU‼ Minu dan tim melakukan ... HATI HATI BARANG PALSU‼️ Minu dan tim melakukan investigasi untuk beberapa produk ANUA yg dijual dgn harga jauhhh di bawah harga official.,,indexed_public_evidence,barang palsu; palsu,MODERATE_EVIDENCE,3,
GLAD2GLOW_TREMELLA_VITA_B5_SENSITIVE_CALMING_GEL_CLEANSER_NA11241201006,Glad2Glow,Tremella Vita B5 Sensitive Calming Gel Cleanser,NA11241201006,,,,,,,"Glad2Glow Tremella Vita B5 Sensitive Calming Gel ... There are many fake 3C3s on the market, but this seller provides genuine products — highly trustworthy!",,indexed_public_evidence,fake,MODERATE_EVIDENCE,3,https://i.ebayimg.com/images/g/tUEAAOSwUPhnYCqg/s-l500.jpg
SENKA_PERFECT_WHIP_LOW_PH_CALMING_CICA_NA54241200014,Senka,Perfect Whip Low pH Calming Cica,NA54241200014,,,,,,,Senka Perfect Wipe Medicated Ori Vs Fake Senka Perfect Whip: Real Suppin Skin tanpa Fake. Temukan Senka Perfect Whip untuk kulit nyata tanpa palsu! Dapatkan hasil terbaik untuk ...,,indexed_public_evidence,palsu; fake,MODERATE_EVIDENCE,3,
SENKA_PERFECT_WHIP_ACNE_CARE_TWINPACK_NA54231200018,Senka,Perfect Whip Acne Care Twinpack,NA54231200018,,,,,,,"Kemasannya mirip, tapi beda yaa! Jangan sampai salah, dan ... Perbedaan Senka Asli Dan Palsu · Perbedaan Lifusha Asli Dan Palsu ... Senka Perfect Whip Acne Care, acne prone skin cleanser, effective ...",,indexed_public_evidence,palsu,MODERATE_EVIDENCE,3,https://p16-common-sign.tiktokcdn-us.com/tos-maliva-p-0068/oAUEDe0IDQbIgif61fbIal5AjoxMInS1CBYpCT~tplv-photomode-video-share-card:630:630:20.jpeg?dr=9616&refresh_token=bbbe7645&x-expires=1817902800&x-signature=Y%2B69RSfVDAA9XLhQj0RnmYKLjPs%3D&t=4d5b0474&ps=13740610&shp=55bbe6a9&shcp=f07906a3&idc=useast8&ftpl=1
DANCING_WHALE_CLEAR_CLEANSING_FOAM_NA26241200756,Dancing Whale,Clear Cleansing Foam,NA26241200756,,,,,,,"Watch out for any fake products 🥺 & only buy from the official ... I literally recommend this cleanser to everyone. because it works on all skin types, cleanses away dirt, oil and bacteria. it doesn't strip the ...",,indexed_public_evidence,fake product; fake,MODERATE_EVIDENCE,3,
FACETOLOGY_TRIPLE_CARE_ACNE_CALM_CLEANSER_NA18241210486,Facetology,Triple Care Acne Calm Cleanser,NA18241210486,,,,,,,"Hati-hati barang palsu, Faceties ⚠️ Produk Facetology ... Hati-hati barang palsu, Faceties ⚠️ Produk Facetology yang asli selalu dijual di official store & official reseller dan official offline ...",,indexed_public_evidence,barang palsu; palsu,MODERATE_EVIDENCE,3,
NEUTROGENA_HYDRO_BOOST_WATER_GEL_CLEANSER_NA26241200626,Neutrogena,Hydro Boost Water Gel Cleanser,NA26241200626,,,,,,,"Apotek Farmaku on Instagram: ""Duh! Meresahkan banget ... Kalau yang palsu ini di bagian tulisannya enggak timbul jadi kalau misalkan diraba itu rata. Kalau dilihat dari teksturnya yang asli itu lebih ...",,indexed_public_evidence,palsu,MODERATE_EVIDENCE,3,
ALL_NATURAL_HOUTTUYNIA_CORDATA_CLEANSING_FOAM_NA26221200909,All Natural,Houttuynia Cordata Cleansing Foam,NA26221200909,,,,,,,Perbezaan Anua Soothing Toner Asli dan Palsu #anuacleansingoil ** Cảnh báo Anua Fake. Perbedaan Anua Cleansing Oil Asli dan Palsu: Panduan Mendeteksi Produk yang Tepat. Temukan perbedaan ...,,indexed_public_evidence,palsu; fake,MODERATE_EVIDENCE,3,
NEUTROGENA_OIL_FREE_ACNE_WASH_NA26231200409,Neutrogena,Oil-Free Acne Wash,NA26231200409,,,,,,,"Neutrogena Oil-Free Acne Wash: The Ultimate Guide bahaya produk skincare palsu, cara menghindari produk palsu, tips skincare yang aman, efek skincare palsu, La Roche Posay asli dan palsu ...",,indexed_public_evidence,produk palsu; palsu,MODERATE_EVIDENCE,3,https://p19-common-sign.tiktokcdn-us.com/tos-useast5-p-0068-tx/oweEPBFMGIDCJvAArIAgfkEqoiQMRDzDSAZRNC~tplv-tiktokx-dmt-logom:tos-useast5-i-0068-tx/oYAxAAwpNkPEyDZiEPspNJ4GBAIagiEaoBiAE.image?dr=9634&x-expires=1786838400&x-signature=hr0gEEOM4YkZnT9YBUsdc76oi08%3D&t=4d5b0474&ps=13740610&shp=81f88b70&shcp=55bbe6a9&idc=useast8
INNISFREE_VITAMIN_C_GREEN_TEA_ENZYME_BRIGHTENING_PAD_NA26241900034,Innisfree,Vitamin C Green Tea Enzyme Brightening Pad,NA26241900034,,,,,,,Our Vitamin C Green Tea Enzyme Brightening Pad can help ... Fake 8 hours of sleep with this Vitamin C Green Tea Enzyme Brightening Cream Way too moisturising & now my skin won't stop glowing bruh. ...,,indexed_public_evidence,fake,MODERATE_EVIDENCE,3,
ROUND_LAB_PINE_CALMING_CICA_CLEANSER_NA26231200953,Round Lab,Pine Calming Cica Cleanser,NA26231200953,,,,,,,#stitch with @David🫧 YES ROUNDLAB ADA PALSUNYA ... This creamy foam cleanser uses deep sea water from Ulleungdo Island which is rich in natural minerals like calcium and magnesium.,,indexed_public_evidence,palsu,MODERATE_EVIDENCE,3,
ANUA_PDRN_HYALURONIC_ACID_CAPSULE_100_SERUM_NA26250100251,Anua,PDRN Hyaluronic Acid Capsule 100 Serum,NA26250100251,,,,,,,"📢 Penting untuk kamu yang beli Anua PDRN Serum 10ml ... Penting untuk kamu yang beli Anua PDRN Serum 10ml! Serum nya nggak penuh? Kok tanpa box? Tenang bestie, bukan produk palsu kok!",,indexed_public_evidence,produk palsu; palsu,MODERATE_EVIDENCE,3,
SENKA_PERFECT_WHIP_COLLAGEN_IN_NA22231200149,Senka,Perfect Whip Collagen in,NA22231200149,,,,,,,"4-step pink skincare 🎀 @Senka by FineToday Perfect Whip ... Senka Perfect Whip Collagen review, Japanese skincare product, face ... palsu? Dengan Senka Perfect Whip, kamu bisa dapetin kulit ...",,indexed_public_evidence,palsu,MODERATE_EVIDENCE,3,
CAUDALIE_VINOPURE_BLEMISH_SALICYLIC_SERUM_NC14250100072,Caudalie,Vinopure Blemish Salicylic Serum,NC14250100072,,,,,,,How to Apply Vinopure Blemish Control Salicylic Serum ... No purchase necessary. Not affiliated with TikTok. Beware of fake accounts — @caudalie and @etoile are the only official accounts running this ...,,indexed_public_evidence,fake,MODERATE_EVIDENCE,3,https://p16-common-sign.tiktokcdn-us.com/tos-useast2a-p-0037-euttp/a90412e1de8e4c88a5aaaccc7c11efb5_1694530612~tplv-photomode-video-share-card:630:630:20.jpeg?dr=9616&refresh_token=09886f49&x-expires=1817071200&x-signature=YfzfSAfqOT%2BTA1vfNHbsG6Cu2kE%3D&t=4d5b0474&ps=13740610&shp=55bbe6a9&shcp=f07906a3&idc=useast8&ftpl=1
SULWHASOO_CONCENTRATED_GINSENG_BRIGHTENING_SERUM_NA26221900044,Sulwhasoo,Concentrated Ginseng Brightening Serum,NA26221900044,,,,,,,"How to Tell If Sulwhasoo Is Fake: 5 Checks | Seoul Sister Learn how to tell if Sulwhasoo is fake with 5 checks: glass weight, gold foil, Korean MFDS label, barcode, and shrink wrap.",,indexed_public_evidence,fake,MODERATE_EVIDENCE,3,https://tjzhhfczyjvfjjmuvegd.supabase.co/storage/v1/object/public/lgaas-assets/blog-heroes/how-to-tell-if-your-sulwhasoo-first-care-serum-is-fake-5-che-1782947865544.jpeg
ELSHESKIN_15_VITAMIN_C_GLOW_ADVANCE_SERUM_NA18251900022,Elsheskin,15% Vitamin C + Glow Advance Serum,NA18251900022,,,,,,,Perbedaan Elsheskin Radiant Serum Asli Dan Palsu teksturnya ringan dan mudah banget meresapnya. manfaat dari serum ini bisa mencerahkan wajah. menyamarkan noda hitam. meratakan warna kulit.,,indexed_public_evidence,palsu,MODERATE_EVIDENCE,3,
LANBENA_RETINOL_REJUVENATING_SERUM_NA11252000022,LANBENA,Retinol Rejuvenating Serum,NA11252000022,,,,,,,"Waspada Produk Lanbena Palsu Untuk Skincare Ketahui cara membedakan produk asli dan palsu Lanbena agar kulitmu aman. Yuk, jaga kecantikanmu! #retinol #lanbena #skincaretips. This is an AI- ...",,indexed_public_evidence,palsu,MODERATE_EVIDENCE,3,https://p19-common-sign.tiktokcdn-us.com/tos-alisg-p-0037/oABzEMivAWKNZGo9AABAII30I6zwZBCCAriCf2~tplv-tiktokx-origin.image?dr=9636&x-expires=1786860000&x-signature=MOXMBqqhuBmx75cyKRUZJe1EWo4%3D&t=4d5b0474&ps=13740610&shp=81f88b70&shcp=55bbe6a9&idc=useast8
COSRX_THE_HYALURONIC_ACID_3_SERUM_NA26222000050,COSRX,The Hyaluronic Acid 3 Serum,NA26222000050,,,,,,,Real vs Fake: Cosrx Snail 96 Mucin Essence | Skincare Tips selain 15% niacinamide. serum ini mengandung 2%. asitil glukosamin. yang berfungsi menghaluskan tekstur kulit yang kasar. asitil glukosamin ini ...,,indexed_public_evidence,fake,MODERATE_EVIDENCE,3,
DR_G_DR_G_RTX_INTO_SERUM_VITAMINSHOT_NA26251900043,Dr.G,Dr.G RTX Into Serum Vitaminshot,NA26251900043,,,,,,,"RTX Into Serum VitaminShot 2-Week Program by Dr.G | Seoul Sister Get AI-powered analysis from Yuri, your K-beauty advisor. Counterfeit detection, dupe suggestions, and routine placement. Unlock Full Product Intelligence.",,indexed_public_evidence,counterfeit,MODERATE_EVIDENCE,3,https://cdn-image.oliveyoung.com/prdtImg/1765/683dc84b-5136-473d-b861-49b366b5abb8.jpg
DR_G_DR_G_RTX_INTO_SERUM_HYALSHOT_NA26250100229,Dr.G,Dr.G RTX Into Serum Hyalshot,NA26250100229,,,,,,,Dr. G Red Blemish Packaging Inconsistent or Fake? Hi all. The jar on the left is from Yesstyle and the one on the right I just ordered from Amazon. There’s clear differences in the packaging and ...,,indexed_public_evidence,fake,MODERATE_EVIDENCE,3,https://i.redd.it/dr-g-red-blemish-packaging-inconsistent-or-fake-v0-oyjqemvsiu8d1.jpg?width=3024&format=pjpg&auto=webp&s=b7c08cd0ee9f5a693ffcc871b906d26e2af0b7a3
ELSHESKIN_DAILY_BOOST_ANTIOXIDANT_SERUM_NA18211903438,Elsheskin,Daily Boost Antioxidant Serum,NA18211903438,,,,,,,Perbedaan Elsheskin Radiant Serum Asli Dan Palsu ada 3% trainesemic Acid. dan ada 17 kali brightening booster. yang bagus banget buat kulit berjerawat. dan yang paling Aku suka dari serum ini.,,indexed_public_evidence,palsu,MODERATE_EVIDENCE,3,
SKINTIFIC_10_PURE_VITAMIN_C_BRIGHTENING_SERUM_NKIT250001190,Skintific,10% Pure Vitamin C Brightening Serum,NKIT250001190,,,,,,,Skintific MSH Niacinamide Moisturizer Palsu! Ini produk bagus ... Skintific MSH Niacinamide Moisturizer Palsu! Ini produk bagus tapi dipalsukan. Cek punya kalian apakah ada indikasi palsu atau asli.,,indexed_public_evidence,palsu,MODERATE_EVIDENCE,3,https://p16-common-sign.tiktokcdn-us.com/tos-alisg-p-0037/oseEA1bfC71TiDA2Eezaj7XBAicI4cA6F8dFIA~tplv-photomode-video-share-card:630:630:20.jpeg?dr=9616&refresh_token=6f59e383&x-expires=1818129600&x-signature=MKxW2ESWcf6IxGmEsFKBnepzJgM%3D&t=4d5b0474&ps=13740610&shp=55bbe6a9&shcp=f07906a3&idc=useast5&ftpl=1
GLAD2GLOW_PERFECT_VITA_C_BRIGHT_GLOW_SERUM_NA11251900043,Glad2Glow,Perfect Vita C Bright Glow Serum,NA11251900043,,,,,,,Real vs. Fake Glad2Glow Serum #shorts #shortvideo ... Real vs. Fake Glad2Glow Serum #shorts #shortvideo #skincare #review. Video unavailable This content isn't available.,,indexed_public_evidence,fake,MODERATE_EVIDENCE,3,https://i.ytimg.com/vi/_I4mzZcSRgk/oar2.jpg?sqp=-oaymwEdCJUDENAFSFWQAgHyq4qpAwwIARUAAIhCcAHAAQY=&rs=AOn4CLBBhpfLSxOCoWnTp977WVcchKyvjg&usqp=CCk
KAIE_EVEN_TONE_RADIANCE_RENEW_SERUM_NA18240107391,KAIE,Even Tone + Radiance Renew Serum,NA18240107391,,,,,,,Cara Membedakan Serum Wajah Palsu dan Asli Pelajari cara mengidentifikasi serum wajah asli untuk mendapatkan glow yang tepat! Temukan rekomendasi serum di sini. #serum #glowserum # ...,,indexed_public_evidence,palsu,MODERATE_EVIDENCE,3,
COSRX_THE_VITAMIN_C_23_SERUM_NA26222000054,COSRX,The Vitamin C 23 Serum,NA26222000054,,,,,,,COSRX Vitamin C Serum: Original vs Fake Discover the differences between real and fake COSRX Vitamin C serum. Enhance your skincare routine with authentic products. #cosrx #vitac23 # ...,,indexed_public_evidence,fake,MODERATE_EVIDENCE,3,https://p19-common-sign.tiktokcdn-us.com/tos-alisg-p-0037/ogCkBwrnhIzf83SA5gtEev4KRVbgzBADEtpInQ~tplv-photomode-video-share-card:630:630:20.jpeg?dr=9616&refresh_token=3a856a0e&x-expires=1810699200&x-signature=1xCPYIKK5g49Mln7U9PPA%2F8%2FwQc%3D&t=4d5b0474&ps=13740610&shp=55bbe6a9&shcp=f07906a3&idc=useast5&ftpl=1
KAIE_HYDRA_BOOSTER_DAILY_MOISTURE_SERUM_NA18240107392,KAIE,Hydra Booster + Daily Moisture Serum,NA18240107392,,,,,,,"Skinbooster Palsu: Apa yang Perlu Diketahui? Keamanan formulasi Produk ini diklaim hypoallergenic, non-comedogenic, tanpa alkohol, tanpa paraben, dan tanpa oil—cocok untuk mereka yang ...",,indexed_public_evidence,palsu,MODERATE_EVIDENCE,3,
KAIE_BLEMISH_CARE_PORE_REFINING_SERUM_NA18240108161,KAIE,Blemish Care + Pore Refining Serum,NA18240108161,,,,,,,"... Murah boleh, tapi jangan sampai jadi bahaya yaa. Produk ... Murah boleh, tapi jangan sampai jadi bahaya yaa. Produk palsu sekarang makin mirip aslinya, jangan asal tergiur sama harga! Yuk, cek dulu ...",,indexed_public_evidence,produk palsu; palsu,MODERATE_EVIDENCE,3,
ANUA_NIACINAMIDE_10_TXA_3_SERUM_NA26251900042,Anua,Niacinamide 10% + TXA 3% Serum,NA26251900042,,,,,,,"Real vs Fake Anua Niacinamide Serum: Spot the Difference This video was made after we discovered fake Anua niacinamide TXA serums on the market, and there are other dupes of your favorite popular ...",,indexed_public_evidence,fake,MODERATE_EVIDENCE,3,
MEDIHEAL_VITAMIN_C_BRIGHTENING_SERUM_WITH_NIACINAMIDE_NA26241900078,Mediheal,Vitamin C Brightening Serum with Niacinamide,NA26241900078,,,,,,,"Watch @ugcbylarina break down the differences between real ... the fake is so easy to open ・ helps improve the look of dark spots. A Vitamin C ingredient adds extra brightness, post-acne marks, and uneven ...",,indexed_public_evidence,fake,MODERATE_EVIDENCE,3,
WARDAH_LIFT_REGENERATING_SERUM_NA18242000770,Wardah,Lift Regenerating Serum,NA18242000770,,,,,,,Beli Serum Wardah Asli Dan Palsu Online Harga Terbaik Seluruh produk Serum Wardah Asli Dan Palsu telah terakurasi dengan baik sehingga menawarkan kualitas yang terbaik dengan promo dari Lazada sehingga membuat ...,,indexed_public_evidence,palsu,MODERATE_EVIDENCE,3,https://id-live-01.slatic.net/p/28c20bd06619922266996ee453b5a5ae.jpg
ANUA_7_RICE_CERAMIDE_HYDRATING_BARRIER_SERUM_NA26250100205,Anua,7 Rice Ceramide Hydrating Barrier Serum,NA26250100205,,,,,,,"How to Tell If Anua Rice Ceramide Is Real Based on my personal experience, I've bought the product online turned out to be fake and original ones from retail stores, so I compared ...",,indexed_public_evidence,fake,MODERATE_EVIDENCE,3,
ELSHESKIN_RADIANT_ADVANCE_SERUM_NA18231901807,Elsheskin,Radiant Advance Serum,NA18231901807,,,,,,,Perbedaan Elsheskin Radiant Serum Asli Dan Palsu Elsa skin radiant advance serum. dan kandungannya juga nggak main-main loh. ada 3% trainesemic Acid. dan ada 17 kali brightening booster. yang ...,,indexed_public_evidence,palsu,MODERATE_EVIDENCE,3,
SULWHASOO_CONCENTRATED_GINSENG_REJUVENATING_SERUM_NA26242000060,Sulwhasoo,Concentrated Ginseng Rejuvenating Serum,NA26242000060,,,,,,,Concentrated Ginseng Rejuvenating Serum Set After 6 weeks of use 100% agreed skin. Counterfeits & Knockoffs Privacy Notice About Sulwhasoo About Us First Care Activating Serum,,indexed_public_evidence,counterfeit,MODERATE_EVIDENCE,3,http://us.sulwhasoo.com/cdn/shop/files/CGRSerumSet_Box_Proudct_DTC_1080px1_1ratio.jpg?v=1785940719
SKINTIFIC_RADIANCE_BOOSTER_SERUM_SPRAY_NA11240100454,Skintific,Radiance Booster Serum Spray,NA11240100454,,,,,,,Perbedaan Skintific Dark Spot Serum 377 Asli Vs Palsu Temukan cara membedakan Skintific Dark Spot Serum 377 asli dan palsu agar tidak tertipu. Cek informasi lengkapnya! #aslivspalsu #skintific. This ...,,indexed_public_evidence,palsu,MODERATE_EVIDENCE,3,
NUMBUZIN_NO_1_PANTOTHENIC_B5_ACTIVE_SOOTHING_SERUM_NA26250100033,Numbuzin,No.1 Pantothenic B5 Active Soothing Serum,NA26250100033,,,,,,,AWAS BARANG PALSU!  Jangan tergiur harga murah ... AWAS BARANG PALSU! Jangan tergiur harga murah tapi kulit malah bermasalah. Numbuzin No.5+ Vitamin Concentrated Serum yang 100% Original ...,,indexed_public_evidence,barang palsu; palsu,MODERATE_EVIDENCE,3,
FACERINNA_10_NIACINAMIDE_3_TXA_BRIGHT_DARK_SPOT_SERUM_NA18251901656,FACERINNA,10% Niacinamide 3% TXA Bright Dark Spot Serum,NA18251901656,,,,,,,Real vs Fake Anua Niacinamide Serum: Spot the Difference This review details three key Anua serums: the Niacinamide 10% + TXA ... Niacinamide 10% TXA 4% Dark Spot Correcting serum is the Fake one!,,indexed_public_evidence,fake,MODERATE_EVIDENCE,3,
WARDAH_RADIANT_RESURFACING_SERUM_NA18242000769,Wardah,Radiant Resurfacing Serum,NA18242000769,,,,,,,"Just a quick PSA: I've seen fake versions of this product going ... Just a quick PSA: I've seen fake versions of this product going around, so always make sure you're getting it from the official store ...",,indexed_public_evidence,fake,MODERATE_EVIDENCE,3,
WHITELAB_17_INTENSIVE_PEELING_SERUM_NA18240118872,Whitelab,17% Intensive Peeling Serum,NA18240118872,,,,,,,✨Honest Review✨ 17% Intensive Peeling Serum Siapa ... Siapa yang udah cobain peeling serum terbaru Whitelab? Setuju ga nih ... palsu Bayangin kalo kebeli yang palsu terus dipakai ke kulit…,,indexed_public_evidence,palsu,MODERATE_EVIDENCE,3,
FACERINNA_2_SALICYLIC_ACID_ACNE_SERUM_NA18250107449,FACERINNA,2% Salicylic Acid Acne Serum,NA18250107449,,,,,,,"I've seen fake versions of this product going around... Just a quick PSA: I've seen fake versions of this product going around, so always make sure you're getting it from the official store ...",,indexed_public_evidence,fake,MODERATE_EVIDENCE,3,
BEAUTY_OF_JOSEON_BAMBOO_DARKSPOT_SERUM_NA18250104648,Beauty of Joseon,Bamboo Darkspot Serum,NA18250104648,,,,,,,Fake vs Original Beauty of Joseon Glow Serum Proplis ... Perbedaan Skintific Dark Spot Serum 377 Asli Vs Palsu. Temukan cara membedakan Skintific Dark Spot Serum 377 asli dan palsu agar tidak tertipu.,,indexed_public_evidence,palsu; fake,MODERATE_EVIDENCE,3,https://p16-common-sign.tiktokcdn-us.com/tos-no1a-p-0037-no/oU2haTEQIFgpqscfHfFkhGTjoMyBlEAPDBPRB4~tplv-photomode-video-share-card:630:630:20.jpeg?dr=9616&refresh_token=850d87a4&x-expires=1818230400&x-signature=%2FFSLwMyrrhas8979BkG1bhNN23k%3D&t=4d5b0474&ps=13740610&shp=55bbe6a9&shcp=f07906a3&idc=useast5&ftpl=1
FACERINNA_RETINOL_ANTI_AGING_SERUM_NA18252000312,FACERINNA,Retinol Anti Aging Serum,NA18252000312,,,,,,,"Just a quick PSA: I’ve seen fake versions of this product going ... Just a quick PSA: I've seen fake versions of this product going around, so always make sure you're getting it from the official store ...",,indexed_public_evidence,fake,MODERATE_EVIDENCE,3,
